game,scroll_dp
speed-basic-0,0.0
speed-advanced-0,0.0
forge-0,0.0
forge-1,0.0
forge-2,0.0
forge-3,0.0
forge-4,0.0
forge-5,0.0
kitchen-0,0.0
kitchen-1,0.0
kitchen-2,0.0
kitchen-3,0.0
kitchen-4,0.0
kitchen-5,0.0
fractions-0,0.0
fractions-1,0.0
fractions-2,0.0
fractions-3,0.0
fractions-4,0.0
fractions-5,0.0
shapes-0,0.0
shapes-1,0.0
shapes-2,0.0
shapes-3,0.0
shapes-4,0.0
shapes-5,0.0
shapes-6,0.0
shapes-7,0.0
shapes-8,0.0
shapes-9,0.0
shapes-10,0.0
shapes-11,0.0
shapes-12,0.0
shapes-13,0.0
shapes-14,0.0
shapes-15,0.0
shapes-16,0.0
shapes-17,0.0
potions-0,0.0
potions-1,0.0
potions-2,0.0
potions-3,0.0
potions-4,0.0
potions-5,0.0
potions-6,0.0
potions-7,0.0
potions-8,0.0
potions-9,0.0
potions-10,0.0
potions-11,0.0
potions-12,0.0
potions-13,0.0
potions-14,0.0
potions-15,0.0
potions-16,0.0
potions-17,0.0
measure-0,0.0
measure-1,0.0
measure-2,0.0
measure-3,0.0
measure-4,0.0
measure-5,0.0
measure-6,0.0
measure-7,0.0
measure-8,0.0
measure-9,0.0
measure-10,0.0
measure-11,0.0
measure-12,0.0
measure-13,0.0
measure-14,0.0
measure-15,0.0
measure-16,0.0
measure-17,0.0
bridge-0,0.0
bridge-1,0.0
bridge-2,0.0
balance-0,0.0
balance-1,0.0
balance-2,0.0
balance-3,0.0
balance-4,0.0
balance-5,0.0
balance-6,0.0
balance-7,0.0
balance-8,0.0
balance-9,0.0
balance-10,0.0
balance-11,0.0
balance-12,0.0
balance-13,0.0
balance-14,0.0
balance-15,0.0
balance-16,0.0
balance-17,0.0
balance-18,0.0
balance-19,0.0
balance-20,0.0
balance-21,0.0
balance-22,0.0
balance-23,0.0
balance-24,0.0
balance-25,0.0
balance-26,0.0
balance-27,0.0
balance-28,0.0
balance-29,0.0
balance-30,0.0
balance-31,0.0
balance-32,0.0
balance-33,0.0
balance-34,0.0
balance-35,0.0
balance-36,0.0
balance-37,0.0
balance-38,0.0
balance-39,0.0
balance-40,0.0
balance-41,0.0
balance-42,0.0
balance-43,0.0
balance-44,0.0
balance-45,0.0
balance-46,0.0
balance-47,0.0
balance-48,0.0
balance-49,0.0
balance-50,0.0
balance-51,0.0
balance-52,0.0
balance-53,0.0
balance-54,0.0
balance-55,0.0
balance-56,0.0
balance-57,0.0
balance-58,0.0
balance-59,0.0
balance-60,0.0
balance-61,0.0
balance-62,0.0
balance-63,0.0
balance-64,0.0
balance-65,0.0
balance-66,0.0
balance-67,0.0
balance-68,0.0
balance-69,0.0
balance-70,0.0
balance-71,0.0
chance-explorer-0,0.0
chance-explorer-1,0.0
chance-explorer-2,0.0
spin-win-0,0.0
spin-win-1,0.0
spin-win-2,0.0
coin-flipper-0,0.0
coin-flipper-1,0.0
coin-flipper-2,0.0
card-picker-0,0.0
card-picker-1,0.0
card-picker-2,0.0
tree-builder-0,0.0
tree-builder-1,0.0
tree-builder-2,0.0
permutations-pro-0,0.0
permutations-pro-1,0.0
permutations-pro-2,0.0
combinations-champ-0,0.0
combinations-champ-1,0.0
combinations-champ-2,0.0
binomial-boost-0,0.0
binomial-boost-1,0.0
binomial-boost-2,0.0
normal-navigator-0,0.0
normal-navigator-1,0.0
normal-navigator-2,0.0
z-score-quest-0,0.0
z-score-quest-1,0.0
z-score-quest-2,0.0
sampling-safari-0,0.0
sampling-safari-1,0.0
sampling-safari-2,0.0
mean-machine-0,0.0
mean-machine-1,0.0
mean-machine-2,0.0
median-mission-0,0.0
median-mission-1,0.0
median-mission-2,0.0
sd-detective-0,0.0
sd-detective-1,0.0
sd-detective-2,0.0
statistics-challenge-0,0.0
statistics-challenge-1,0.0
statistics-challenge-2,0.0
vectors-0,0.0
vectors-1,0.0
vectors-2,0.0
vectors-3,0.0
vectors-4,0.0
vectors-5,0.0
vectors-6,0.0
vectors-7,0.0
patterns-0,0.0
patterns-1,0.0
patterns-2,0.0
patterns-3,0.0
patterns-4,0.0
patterns-5,0.0
patterns-6,0.0
patterns-7,0.0
logic-0,0.0
logic-1,0.0
logic-2,0.0
logic-3,0.0
logic-4,0.0
logic-5,0.0
logic-6,0.0
logic-7,0.0
number-bonds-0,0.0
number-bonds-1,0.0
number-bonds-2,0.0
number-bonds-3,0.0
number-bonds-4,0.0
times-table-0,0.0
times-table-1,0.0
times-table-2,0.0
times-table-3,0.0
times-table-4,0.0
decimal-harbor-0,0.0
decimal-harbor-1,0.0
decimal-harbor-2,0.0
decimal-harbor-3,0.0
decimal-harbor-4,0.0
math-market-0,0.0
math-market-1,0.0
math-market-2,0.0
math-market-3,0.0
math-market-4,0.0
integer-expedition-0,0.0
integer-expedition-1,0.0
integer-expedition-2,0.0
integer-expedition-3,0.0
integer-expedition-4,0.0
ratio-rangers-0,0.0
ratio-rangers-1,0.0
ratio-rangers-2,0.0
ratio-rangers-3,0.0
ratio-rangers-4,0.0
percent-studio-0,0.0
percent-studio-1,0.0
percent-studio-2,0.0
percent-studio-3,0.0
percent-studio-4,0.0
data-story-0,0.0
data-story-1,0.0
data-story-2,0.0
data-story-3,0.0
data-story-4,0.0
function-machine-0,0.0
function-machine-1,0.0
function-machine-2,0.0
function-machine-3,0.0
function-machine-4,0.0
geometry-proof-0,0.0
geometry-proof-1,0.0
geometry-proof-2,0.0
geometry-proof-3,0.0
geometry-proof-4,0.0
calculus-climber-0,0.0
calculus-climber-1,0.0
calculus-climber-2,0.0
calculus-climber-3,0.0
calculus-climber-4,0.0
matrix-mission-0,0.0
matrix-mission-1,0.0
matrix-mission-2,0.0
matrix-mission-3,0.0
matrix-mission-4,0.0
number-theory-0,0.0
number-theory-1,0.0
number-theory-2,0.0
number-theory-3,0.0
number-theory-4,0.0
combinatorics-0,0.0
combinatorics-1,0.0
combinatorics-2,0.0
combinatorics-3,0.0
combinatorics-4,0.0
optimization-arena-0,0.0
optimization-arena-1,0.0
optimization-arena-2,0.0
optimization-arena-3,0.0
optimization-arena-4,0.0