id,title
speed-basic,Calculation Sprint
speed-advanced,Advanced Calculation Sprint
forge,Number Forge
kitchen,Maths Kitchen
fractions,Fraction Quest
potions,Potion Lab
balance,Equation Escape
shapes,Geometry Builder
measure,Rescue Engineer
vectors,Vector Voyager
patterns,Pattern Detective
data,Data Detective
chance,Chance Reactor
logic,Logic Grid
number-bonds,Number Bond Garden
times-table,Times Table Galaxy
decimal-harbor,Decimal Harbor
math-market,Math Market
integer-expedition,Integer Expedition
ratio-rangers,Ratio Rangers
percent-studio,Percent Studio
data-story,Data Story Lab
function-machine,Function Machine
geometry-proof,Geometry Proof Lab
calculus-climber,Calculus Climber
matrix-mission,Matrix Mission
number-theory,Number Theory Crypt
combinatorics,Combinatorics Command
optimization-arena,Optimization Arena